Workbook

Sheet 续班排序表
A1: 姓名 | B1: ID | C1: 报名手机号
A2: 一平 | B2: 466915 | C2: 18852166118
A3: 张恩昊 | B3: 684693 | C3: 15842346468
A4: 李佳昊 | B4: 690899 | C4: 18691941413
A5: 乔靖琪 | B5: 684700 | C5: 17320616498
A6: 顾杨 | B6: 690730 | C6: 15851345623
A7: 晗羽 | B7: 684068 | C7: 13693439980
A8: 淘淘 | B8: 691165 | C8: 13153152351
A9: 毅贤 | B9: 685761 | C9: 13818962034
A10: 梦瑶 | B10: 688261 | C10: 15389042343
A11: 李浩琳（木木） | B11: 681638 | C11: 19133829885
A12: 嘉濠 | B12: 701187 | C12: 13751151991
A13: 禹昊 | B13: 689071 | C13: 18923725002
... A156: 镱瑶 | B156: 658563 | C156: 18537175626
A308: 鸣宇

Sheet Sheet2
A1: 1
A2: 689071 | B2: 2 | C2: 第2讲 【读】文学感知“超频”模式：这些分别放过 | D2: =_xlfn.XLOOKUP(A2&C2,'[1]钉钉数据_2026-05-24_19-46'!$A:$A,'[1]钉钉数据_2026-05-24_19-46'!$C:$C,,0) -> 06月12日 19:30-21:30 | E2: =_xlfn.XLOOKUP(A2,'[1]钉钉数据_2026-05-24_19-46'!$F:$F,'[1]钉钉数据_2026-05-24_19-46'!$E:$E,,0) -> 禹昊 | F2: 2 | G2: 46185 | H2: 0.8125
A3: 685090 | B3: 2 | C3: 第2讲 【读】文学感知“超频”模式：这些分别放过 | D3: =_xlfn.XLOOKUP(A3&C3,'[1]钉钉数据_2026-05-24_19-46'!$A:$A,'[1]钉钉数据_2026-05-24_19-46'!$C:$C,,0) -> 05月30日 10:30-12:30 | E3: =_xlfn.XLOOKUP(A3,'[1]钉钉数据_2026-05-24_19-46'!$F:$F,'[1]钉钉数据_2026-05-24_19-46'!$E:$E,,0) -> 瑞杰 | F3: 2 | G3: 46172 | H3: 0.4375
A4: 692571 | B4: 2 | C4: 第2讲 【读】文学感知“超频”模式：这些分别放过 | D4: =_xlfn.XLOOKUP(A4&C4,'[1]钉钉数据_2026-05-24_19-46'!$A:$A,'[1]钉钉数据_2026-05-24_19-46'!$C:$C,,0) -> 05月30日 10:30-12:30 | E4: =_xlfn.XLOOKUP(A4,'[1]钉钉数据_2026-05-24_19-46'!$F:$F,'[1]钉钉数据_2026-05-24_19-46'!$E:$E,,0) -> 温榆 | F4: 2 | G4: 46172 | H4: 0.4375
A5: 690029 | B5: 2 | C5: 第2讲 【读】文学感知“超频”模式：这些分别放过 | D5: =_xlfn.XLOOKUP(A5&C5,'[1]钉钉数据_2026-05-24_19-46'!$A:$A,'[1]钉钉数据_2026-05-24_19-46'!$C:$C,,0) -> 05月30日 10:30-12:30 | E5: =_xlfn.XLOOKUP(A5,'[1]钉钉数据_2026-05-24_19-46'!$F:$F,'[1]钉钉数据_2026-05-24_19-46'!$E:$E,,0) -> 家维 | F5: 2 | G5: 46172 | H5: 0.4375
A6: 689679 | B6: 2 | C6: 第2讲 【读】文学感知“超频”模式：这些分别放过 | D6: =_xlfn.XLOOKUP(A6&C6,'[1]钉钉数据_2026-05-24_19-46'!$A:$A,'[1]钉钉数据_2026-05-24_19-46'!$C:$C,,0) -> 05月30日 19:30-21:30 | E6: =_xlfn.XLOOKUP(A6,'[1]钉钉数据_2026-05-24_19-46'!$F:$F,'[1]钉钉数据_2026-05-24_19-46'!$E:$E,,0) -> 希同 | F6: 2 | G6: 46172 | H6: 0.8125
A7: 685922 | B7: 2 | C7: 第2讲 【读】文学感知“超频”模式：这些分别放过 | D7: =_xlfn.XLOOKUP(A7&C7,'[1]钉钉数据_2026-05-24_19-46'!$A:$A,'[1]钉钉数据_2026-05-24_19-46'!$C:$C,,0) -> 05月31日 08:00-10:00 | E7: =_xlfn.XLOOKUP(A7,'[1]钉钉数据_2026-05-24_19-46'!$F:$F,'[1]钉钉数据_2026-05-24_19-46'!$E:$E,,0) -> 楷杰 | F7: 2 | G7: 46173 | H7: 0.33333333
A8: 685624 | B8: 2 | C8: 第2讲 【读】文学感知“超频”模式：这些分别放过 | D8: =_xlfn.XLOOKUP(A8&C8,'[1]钉钉数据_2026-05-24_19-46'!$A:$A,'[1]钉钉数据_2026-05-24_19-46'!$C:$C,,0) -> 05月30日 10:30-12:30 | E8: =_xlfn.XLOOKUP(A8,'[1]钉钉数据_2026-05-24_19-46'!$F:$F,'[1]钉钉数据_2026-05-24_19-46'!$E:$E,,0) -> 轶祥 | F8: 2 | G8: 46172 | H8: 0.4375
A9: 447099 | B9: 2 | C9: 第2讲 【读】文学感知“超频”模式：这些分别放过 | D9: =_xlfn.XLOOKUP(A9&C9,'[1]钉钉数据_2026-05-24_19-46'!$A:$A,'[1]钉钉数据_2026-05-24_19-46'!$C:$C,,0) -> 05月31日 08:30-10:30 | E9: =_xlfn.XLOOKUP(A9,'[1]钉钉数据_2026-05-24_19-46'!$F:$F,'[1]钉钉数据_2026-05-24_19-46'!$E:$E,,0) -> 悠悠 | F9: 2 | G9: 46173 | H9: 0.35416667
A10: 704199 | B10: 2 | C10: 第2讲 【读】文学感知“超频”模式：这些分别放过 | D10: =_xlfn.XLOOKUP(A10&C10,'[1]钉钉数据_2026-05-24_19-46'!$A:$A,'[1]钉钉数据_2026-05-24_19-46'!$C:$C,,0) -> 05月31日 14:00-16:00 | E10: =_xlfn.XLOOKUP(A10,'[1]钉钉数据_2026-05-24_19-46'!$F:$F,'[1]钉钉数据_2026-05-24_19-46'!$E:$E,,0) -> 泽茜 | F10: 2 | G10: 46173 | H10: 0.58333333
A11: 685090 | B11: 3 | C11: 第3讲 【写】考前战力紧急充能！作文“标准答案”速通攻略 | D11: =_xlfn.XLOOKUP(A11&C11,'[1]钉钉数据_2026-05-24_19-46'!$A:$A,'[1]钉钉数据_2026-05-24_19-46'!$C:$C,,0) -> 06月06日 10:30-12:30 | E11: =_xlfn.XLOOKUP(A11,'[1]钉钉数据_2026-05-24_19-46'!$F:$F,'[1]钉钉数据_2026-05-24_19-46'!$E:$E,,0) -> 瑞杰 | F11: 3 | G11: 46179 | H11: 0.4375
A12: 692571 | B12: 3 | C12: 第3讲 【写】考前战力紧急充能！作文“标准答案”速通攻略 | D12: =_xlfn.XLOOKUP(A12&C12,'[1]钉钉数据_2026-05-24_19-46'!$A:$A,'[1]钉钉数据_2026-05-24_19-46'!$C:$C,,0) -> 06月06日 10:30-12:30 | E12: =_xlfn.XLOOKUP(A12,'[1]钉钉数据_2026-05-24_19-46'!$F:$F,'[1]钉钉数据_2026-05-24_19-46'!$E:$E,,0) -> 温榆 | F12: 3 | G12: 46179 | H12: 0.4375
A13: 690029 | B13: 3 | C13: 第3讲 【写】考前战力紧急充能！作文“标准答案”速通攻略 | D13: =_xlfn.XLOOKUP(A13&C13,'[1]钉钉数据_2026-05-24_19-46'!$A:$A,'[1]钉钉数据_2026-05-24_19-46'!$C:$C,,0) -> 06月06日 10:30-12:30 | E13: =_xlfn.XLOOKUP(A13,'[1]钉钉数据_2026-05-24_19-46'!$F:$F,'[1]钉钉数据_2026-05-24_19-46'!$E:$E,,0) -> 家维 | F13: 3 | G13: 46179 | H13: 0.4375
... A18: 704199 | B18: 3 | C18: 第3讲 【写】考前战力紧急充能！作文“标准答案”速通攻略 | D18: =_xlfn.XLOOKUP(A18&C18,'[1]钉钉数据_2026-05-24_19-46'!$A:$A,'[1]钉钉数据_2026-05-24_19-46'!$C:$C,,0) -> 06月07日 14:00-16:00 | E18: =_xlfn.XLOOKUP(A18,'[1]钉钉数据_2026-05-24_19-46'!$F:$F,'[1]钉钉数据_2026-05-24_19-46'!$E:$E,,0) -> 泽茜 | F18: 3 | G18: 46180 | H18: 0.58333333

Sheet Sheet3
A2: 把 | B2: =Sheet2!E2 -> 禹昊 | C2: 的第 | D2: =Sheet2!F2 -> 2 | E2: 讲，给我调到 | F2: =Sheet2!G2 -> 46185 | G2: 的 | H2: =Sheet2!H2 -> 0.8125
A3: 把 | B3: =Sheet2!E3 -> 瑞杰 | C3: 的第 | D3: =Sheet2!F3 -> 2 | E3: 讲，给我调到 | F3: =Sheet2!G3 -> 46172 | G3: 的 | H3: =Sheet2!H3 -> 0.4375
A4: 把 | B4: =Sheet2!E4 -> 温榆 | C4: 的第 | D4: =Sheet2!F4 -> 2 | E4: 讲，给我调到 | F4: =Sheet2!G4 -> 46172 | G4: 的 | H4: =Sheet2!H4 -> 0.4375
A5: 把 | B5: =Sheet2!E5 -> 家维 | C5: 的第 | D5: =Sheet2!F5 -> 2 | E5: 讲，给我调到 | F5: =Sheet2!G5 -> 46172 | G5: 的 | H5: =Sheet2!H5 -> 0.4375
A6: 把 | B6: =Sheet2!E6 -> 希同 | C6: 的第 | D6: =Sheet2!F6 -> 2 | E6: 讲，给我调到 | F6: =Sheet2!G6 -> 46172 | G6: 的 | H6: =Sheet2!H6 -> 0.8125
A7: 把 | B7: =Sheet2!E7 -> 楷杰 | C7: 的第 | D7: =Sheet2!F7 -> 2 | E7: 讲，给我调到 | F7: =Sheet2!G7 -> 46173 | G7: 的 | H7: =Sheet2!H7 -> 0.33333333
A8: 把 | B8: =Sheet2!E8 -> 轶祥 | C8: 的第 | D8: =Sheet2!F8 -> 2 | E8: 讲，给我调到 | F8: =Sheet2!G8 -> 46172 | G8: 的 | H8: =Sheet2!H8 -> 0.4375
A9: 把 | B9: =Sheet2!E9 -> 悠悠 | C9: 的第 | D9: =Sheet2!F9 -> 2 | E9: 讲，给我调到 | F9: =Sheet2!G9 -> 46173 | G9: 的 | H9: =Sheet2!H9 -> 0.35416667
A10: 把 | B10: =Sheet2!E10 -> 泽茜 | C10: 的第 | D10: =Sheet2!F10 -> 2 | E10: 讲，给我调到 | F10: =Sheet2!G10 -> 46173 | G10: 的 | H10: =Sheet2!H10 -> 0.58333333
A11: 把 | B11: =Sheet2!E11 -> 瑞杰 | C11: 的第 | D11: =Sheet2!F11 -> 3 | E11: 讲，给我调到 | F11: =Sheet2!G11 -> 46179 | G11: 的 | H11: =Sheet2!H11 -> 0.4375
A12: 把 | B12: =Sheet2!E12 -> 温榆 | C12: 的第 | D12: =Sheet2!F12 -> 3 | E12: 讲，给我调到 | F12: =Sheet2!G12 -> 46179 | G12: 的 | H12: =Sheet2!H12 -> 0.4375
A13: 把 | B13: =Sheet2!E13 -> 家维 | C13: 的第 | D13: =Sheet2!F13 -> 3 | E13: 讲，给我调到 | F13: =Sheet2!G13 -> 46179 | G13: 的 | H13: =Sheet2!H13 -> 0.4375
... A18: 把 | B18: =Sheet2!E18 -> 泽茜 | C18: 的第 | D18: =Sheet2!F18 -> 3 | E18: 讲，给我调到 | F18: =Sheet2!G18 -> 46180 | G18: 的 | H18: =Sheet2!H18 -> 0.58333333

Sheet Sheet4
A1: 姓名 | B1: ID
A2: 宜辰 | B2: 741790 | C2: 帅峰 | D2: =_xlfn.XLOOKUP(B2,'[2]钉钉数据_2026-05-24_22-18'!$D:$D,'[2]钉钉数据_2026-05-24_22-18'!$M:$M,,0) -> 2026【初一人文】名师AI 一对一春季互动课 | E2: =_xlfn.XLOOKUP(B2,'[2]钉钉数据_2026-05-24_22-18'!$D:$D,'[2]钉钉数据_2026-05-24_22-18'!$H:$H,,0) -> 在班
A3: 栩含 | B3: 722760 | C3: 帅峰 | D3: =_xlfn.XLOOKUP(B3,'[2]钉钉数据_2026-05-24_22-18'!$D:$D,'[2]钉钉数据_2026-05-24_22-18'!$M:$M,,0) -> 2026【初一人文】名师AI 一对一春季互动课 | E3: =_xlfn.XLOOKUP(B3,'[2]钉钉数据_2026-05-24_22-18'!$D:$D,'[2]钉钉数据_2026-05-24_22-18'!$H:$H,,0) -> 在班
A4: 明太 | B4: 726888 | C4: 帅峰 | D4: =_xlfn.XLOOKUP(B4,'[2]钉钉数据_2026-05-24_22-18'!$D:$D,'[2]钉钉数据_2026-05-24_22-18'!$M:$M,,0) -> 2026【初一人文】名师AI 一对一春季互动课 | E4: =_xlfn.XLOOKUP(B4,'[2]钉钉数据_2026-05-24_22-18'!$D:$D,'[2]钉钉数据_2026-05-24_22-18'!$H:$H,,0) -> 在班
A5: 梓慧 | B5: 724896 | C5: 帅峰 | D5: =_xlfn.XLOOKUP(B5,'[2]钉钉数据_2026-05-24_22-18'!$D:$D,'[2]钉钉数据_2026-05-24_22-18'!$M:$M,,0) -> 2026【初一人文】名师AI 一对一春季互动课 | E5: =_xlfn.XLOOKUP(B5,'[2]钉钉数据_2026-05-24_22-18'!$D:$D,'[2]钉钉数据_2026-05-24_22-18'!$H:$H,,0) -> 在班
A6: 一悦 | B6: 686992 | C6: 帅峰 | D6: =_xlfn.XLOOKUP(B6,'[2]钉钉数据_2026-05-24_22-18'!$D:$D,'[2]钉钉数据_2026-05-24_22-18'!$M:$M,,0) -> 2026【初一人文】名师AI 一对一春季互动课 | E6: =_xlfn.XLOOKUP(B6,'[2]钉钉数据_2026-05-24_22-18'!$D:$D,'[2]钉钉数据_2026-05-24_22-18'!$H:$H,,0) -> 在班
A7: 芸熙 | B7: 725301 | C7: 帅峰 | D7: =_xlfn.XLOOKUP(B7,'[2]钉钉数据_2026-05-24_22-18'!$D:$D,'[2]钉钉数据_2026-05-24_22-18'!$M:$M,,0) -> 2026【初一人文】名师AI 一对一春季互动课 | E7: =_xlfn.XLOOKUP(B7,'[2]钉钉数据_2026-05-24_22-18'!$D:$D,'[2]钉钉数据_2026-05-24_22-18'!$H:$H,,0) -> 在班
A8: 梓豪 | B8: 726901 | C8: 帅峰 | D8: =_xlfn.XLOOKUP(B8,'[2]钉钉数据_2026-05-24_22-18'!$D:$D,'[2]钉钉数据_2026-05-24_22-18'!$M:$M,,0) -> 2026【初一人文】名师AI 一对一春季互动课 | E8: =_xlfn.XLOOKUP(B8,'[2]钉钉数据_2026-05-24_22-18'!$D:$D,'[2]钉钉数据_2026-05-24_22-18'!$H:$H,,0) -> 在班
A9: 芷然 | B9: 740353 | C9: 帅峰 | D9: =_xlfn.XLOOKUP(B9,'[2]钉钉数据_2026-05-24_22-18'!$D:$D,'[2]钉钉数据_2026-05-24_22-18'!$M:$M,,0) -> 2026【初一人文】名师AI 一对一春季互动课 | E9: =_xlfn.XLOOKUP(B9,'[2]钉钉数据_2026-05-24_22-18'!$D:$D,'[2]钉钉数据_2026-05-24_22-18'!$H:$H,,0) -> 在班
A10: 玥博 | B10: 716110 | C10: 帅峰 | D10: =_xlfn.XLOOKUP(B10,'[2]钉钉数据_2026-05-24_22-18'!$D:$D,'[2]钉钉数据_2026-05-24_22-18'!$M:$M,,0) -> 2026【初一人文】名师AI 一对一春季互动课 | E10: =_xlfn.XLOOKUP(B10,'[2]钉钉数据_2026-05-24_22-18'!$D:$D,'[2]钉钉数据_2026-05-24_22-18'!$H:$H,,0) -> 在班
A11: 若晗若晞 | B11: 706098 | C11: 帅峰 | D11: =_xlfn.XLOOKUP(B11,'[2]钉钉数据_2026-05-24_22-18'!$D:$D,'[2]钉钉数据_2026-05-24_22-18'!$M:$M,,0) -> 2026【初一人文】名师AI 一对一春季互动课 | E11: =_xlfn.XLOOKUP(B11,'[2]钉钉数据_2026-05-24_22-18'!$D:$D,'[2]钉钉数据_2026-05-24_22-18'!$H:$H,,0) -> 在班
A12: 一涵 | B12: 426138 | C12: 帅峰 | D12: =_xlfn.XLOOKUP(B12,'[2]钉钉数据_2026-05-24_22-18'!$D:$D,'[2]钉钉数据_2026-05-24_22-18'!$M:$M,,0) -> 2026【初一人文】名师AI 一对一春季互动课 | E12: =_xlfn.XLOOKUP(B12,'[2]钉钉数据_2026-05-24_22-18'!$D:$D,'[2]钉钉数据_2026-05-24_22-18'!$H:$H,,0) -> 在班
A13: 嘉翊 | B13: 465781 | C13: 帅峰 | D13: =_xlfn.XLOOKUP(B13,'[2]钉钉数据_2026-05-24_22-18'!$D:$D,'[2]钉钉数据_2026-05-24_22-18'!$M:$M,,0) -> 2026【初一人文】名师AI 一对一春季互动课 | E13: =_xlfn.XLOOKUP(B13,'[2]钉钉数据_2026-05-24_22-18'!$D:$D,'[2]钉钉数据_2026-05-24_22-18'!$H:$H,,0) -> 在班
... A185: 晋毅 | B185: 692498 | C185: 张敏 | D185: =_xlfn.XLOOKUP(B185,'[2]钉钉数据_2026-05-24_22-18'!$D:$D,'[2]钉钉数据_2026-05-24_22-18'!$M:$M,,0) -> 2026【初一人文】名师AI 一对一春季互动课 | E185: =_xlfn.XLOOKUP(B185,'[2]钉钉数据_2026-05-24_22-18'!$D:$D,'[2]钉钉数据_2026-05-24_22-18'!$H:$H,,0) -> 在班
